Павел;super@gmail.com;8-946-589-23-84
Артём;WiNnEr@yandex.ru;+7-563-423-49-65
Екатерина;KrutoyChel@mail.list;8-589-475-25-25
Михаил;Princessa@gmail.com;+7-654-236-25-95
Тимур;RussianPerson@mail.ru;8-523-458-69-36
Рита;Hbnf@yandex.ru;8-999-485-67-99
Мария;Lider@gmail.com;8-235-123-15-44
Анастасия;King@yandex.ru;+7-659-666-42-61
Кристина;NesuDobro@mail.ru;+7-659-149-00-02
Александр;fktrcfylh@ya.com;8-012-230-56-87
Александр;fktrcfylh@ya.com;8-235-123-15-44
Рита;King@yandex.ru;+7-659-666-42-61
Тимур;fktrcfylh@ya.com;+7-659-149-00-02
Екатерина;NesuDobro@mail.ru;8-235-123-15-44
Михаил;fktrcfylh@ya.com;8-589-475-25-25
Павел;KrutoyChel@mail.list;+7-659-149-00-02
Мария;RussianPerson@mail.ru;+7-563-423-49-65
Кристина;Princessa@gmail.com;+7-659-149-00-02
Мария;Princessa@gmail.com;8-012-230-56-87
Александр;super@gmail.com;8-012-230-56-87
Кристина;Princessa@gmail.com;8-523-458-69-36
Михаил;super@gmail.com;+7-563-423-49-65
Михаил;RussianPerson@mail.ru;8-946-589-23-84
Тимур;WiNnEr@yandex.ru;8-012-230-56-87
Екатерина;NesuDobro@mail.ru;+7-654-236-25-95
Анастасия;fktrcfylh@ya.com;+7-659-666-42-61
Тимур;fktrcfylh@ya.com;8-589-475-25-25
Рита;Princessa@gmail.com;8-589-475-25-25
Павел;KrutoyChel@mail.list;8-946-589-23-84
Павел;Princessa@gmail.com;8-999-485-67-99
Рита;fktrcfylh@ya.com;8-235-123-15-44
Александр;Hbnf@yandex.ru;8-235-123-15-44
Кристина;Lider@gmail.com;+7-659-666-42-61
Кристина;Hbnf@yandex.ru;8-235-123-15-44
Александр;WiNnEr@yandex.ru;8-589-475-25-25
Анастасия;WiNnEr@yandex.ru;8-012-230-56-87
Кристина;NesuDobro@mail.ru;+7-654-236-25-95
Екатерина;King@yandex.ru;+7-563-423-49-65
Рита;fktrcfylh@ya.com;+7-659-666-42-61
Кристина;Hbnf@yandex.ru;8-235-123-15-44
Анастасия;KrutoyChel@mail.list;8-999-485-67-99
Михаил;NesuDobro@mail.ru;8-523-458-69-36
Тимур;King@yandex.ru;+7-659-149-00-02
Тимур;super@gmail.com;8-523-458-69-36
Александр;Princessa@gmail.com;8-999-485-67-99
Александр;RussianPerson@mail.ru;8-012-230-56-87
Тимур;King@yandex.ru;8-523-458-69-36
Анастасия;KrutoyChel@mail.list;8-523-458-69-36
Тимур;King@yandex.ru;8-012-230-56-87
Тимур;super@gmail.com;8-523-458-69-36
Михаил;fktrcfylh@ya.com;8-523-458-69-36
Екатерина;KrutoyChel@mail.list;+7-654-236-25-95
Кристина;WiNnEr@yandex.ru;+7-659-666-42-61
Павел;NesuDobro@mail.ru;+7-654-236-25-95
Тимур;Lider@gmail.com;8-235-123-15-44
Александр;RussianPerson@mail.ru;+7-659-666-42-61
Михаил;Lider@gmail.com;8-235-123-15-44
Михаил;NesuDobro@mail.ru;8-012-230-56-87
Кристина;super@gmail.com;+7-563-423-49-65
Артём;RussianPerson@mail.ru;8-999-485-67-99
Екатерина;WiNnEr@yandex.ru;+7-654-236-25-95
Михаил;WiNnEr@yandex.ru;+7-659-149-00-02
Рита;RussianPerson@mail.ru;8-999-485-67-99
Анастасия;Lider@gmail.com;8-589-475-25-25
Рита;super@gmail.com;8-999-485-67-99
Михаил;Lider@gmail.com;+7-659-149-00-02
Анастасия;KrutoyChel@mail.list;8-012-230-56-87
Александр;King@yandex.ru;8-946-589-23-84
Тимур;super@gmail.com;8-012-230-56-87
Мария;super@gmail.com;8-999-485-67-99
Екатерина;King@yandex.ru;8-012-230-56-87
Александр;Lider@gmail.com;8-999-485-67-99
Мария;super@gmail.com;8-012-230-56-87
Александр;Princessa@gmail.com;+7-654-236-25-95
Павел;Hbnf@yandex.ru;8-523-458-69-36
Михаил;KrutoyChel@mail.list;8-589-475-25-25
Александр;King@yandex.ru;+7-659-149-00-02
Михаил;RussianPerson@mail.ru;8-999-485-67-99
Екатерина;NesuDobro@mail.ru;+7-659-149-00-02
Александр;King@yandex.ru;8-523-458-69-36
Кристина;NesuDobro@mail.ru;+7-654-236-25-95
Рита;Lider@gmail.com;+7-659-149-00-02
Тимур;fktrcfylh@ya.com;+7-659-666-42-61
Анастасия;fktrcfylh@ya.com;+7-659-666-42-61
Тимур;King@yandex.ru;8-999-485-67-99
Рита;King@yandex.ru;+7-659-666-42-61
Александр;Hbnf@yandex.ru;+7-563-423-49-65
Артём;Princessa@gmail.com;8-012-230-56-87
Павел;King@yandex.ru;+7-659-666-42-61
Александр;fktrcfylh@ya.com;8-235-123-15-44
Павел;WiNnEr@yandex.ru;8-946-589-23-84
Михаил;RussianPerson@mail.ru;8-012-230-56-87
Александр;super@gmail.com;+7-659-149-00-02
Рита;RussianPerson@mail.ru;8-589-475-25-25
Рита;WiNnEr@yandex.ru;+7-659-149-00-02
Артём;Princessa@gmail.com;+7-654-236-25-95
Тимур;super@gmail.com;8-235-123-15-44
Екатерина;NesuDobro@mail.ru;8-589-475-25-25
Екатерина;fktrcfylh@ya.com;+7-659-666-42-61
Мария;super@gmail.com;+7-654-236-25-95
Тимур;Princessa@gmail.com;8-523-458-69-36
Мария;KrutoyChel@mail.list;8-235-123-15-44
Павел;fktrcfylh@ya.com;8-235-123-15-44
Александр;WiNnEr@yandex.ru;8-999-485-67-99
Тимур;Princessa@gmail.com;+7-563-423-49-65
Артём;super@gmail.com;8-235-123-15-44
Екатерина;WiNnEr@yandex.ru;+7-659-666-42-61
Кристина;Hbnf@yandex.ru;8-235-123-15-44
Кристина;KrutoyChel@mail.list;8-012-230-56-87
Рита;WiNnEr@yandex.ru;8-999-485-67-99
Мария;fktrcfylh@ya.com;+7-563-423-49-65
Екатерина;Princessa@gmail.com;+7-654-236-25-95
Павел;fktrcfylh@ya.com;+7-563-423-49-65
Михаил;NesuDobro@mail.ru;8-012-230-56-87
Мария;super@gmail.com;+7-563-423-49-65
Рита;Lider@gmail.com;+7-659-149-00-02
Тимур;RussianPerson@mail.ru;+7-563-423-49-65
Кристина;King@yandex.ru;8-012-230-56-87
Павел;Hbnf@yandex.ru;+7-654-236-25-95
Михаил;King@yandex.ru;8-999-485-67-99
Кристина;Lider@gmail.com;8-523-458-69-36
Рита;Lider@gmail.com;+7-563-423-49-65
Александр;fktrcfylh@ya.com;+7-659-666-42-61
Екатерина;Hbnf@yandex.ru;+7-659-666-42-61
Михаил;fktrcfylh@ya.com;8-589-475-25-25
Александр;RussianPerson@mail.ru;8-012-230-56-87
Павел;RussianPerson@mail.ru;8-012-230-56-87
Екатерина;Hbnf@yandex.ru;8-012-230-56-87
Мария;Lider@gmail.com;+7-563-423-49-65
Павел;WiNnEr@yandex.ru;+7-659-666-42-61
Тимур;RussianPerson@mail.ru;+7-563-423-49-65
Михаил;WiNnEr@yandex.ru;8-999-485-67-99
Екатерина;fktrcfylh@ya.com;+7-563-423-49-65
Мария;Hbnf@yandex.ru;8-946-589-23-84
Артём;King@yandex.ru;+7-659-666-42-61
Кристина;RussianPerson@mail.ru;+7-659-149-00-02
Тимур;Lider@gmail.com;8-012-230-56-87
Тимур;KrutoyChel@mail.list;8-589-475-25-25
Павел;Princessa@gmail.com;8-999-485-67-99
Анастасия;super@gmail.com;8-012-230-56-87
Артём;RussianPerson@mail.ru;8-999-485-67-99
Екатерина;super@gmail.com;+7-659-666-42-61
Артём;Princessa@gmail.com;+7-563-423-49-65
Артём;WiNnEr@yandex.ru;8-999-485-67-99
Александр;King@yandex.ru;8-012-230-56-87
Павел;fktrcfylh@ya.com;+7-654-236-25-95
Рита;Lider@gmail.com;+7-654-236-25-95
Артём;King@yandex.ru;8-999-485-67-99
Тимур;fktrcfylh@ya.com;+7-659-666-42-61
Кристина;super@gmail.com;8-235-123-15-44
Павел;RussianPerson@mail.ru;+7-659-149-00-02
Артём;King@yandex.ru;+7-654-236-25-95
Артём;fktrcfylh@ya.com;8-523-458-69-36
Рита;King@yandex.ru;8-523-458-69-36
Кристина;King@yandex.ru;8-999-485-67-99
Павел;Princessa@gmail.com;8-589-475-25-25
Павел;Princessa@gmail.com;+7-654-236-25-95
Мария;Princessa@gmail.com;+7-659-149-00-02
Рита;WiNnEr@yandex.ru;8-589-475-25-25
Павел;super@gmail.com;+7-659-666-42-61
Артём;Hbnf@yandex.ru;8-589-475-25-25
Кристина;super@gmail.com;8-235-123-15-44
Тимур;Princessa@gmail.com;8-012-230-56-87
Анастасия;RussianPerson@mail.ru;8-235-123-15-44
Артём;Princessa@gmail.com;8-589-475-25-25
Кристина;NesuDobro@mail.ru;8-235-123-15-44
Анастасия;King@yandex.ru;8-012-230-56-87
Кристина;NesuDobro@mail.ru;8-523-458-69-36
Александр;RussianPerson@mail.ru;+7-563-423-49-65
Михаил;KrutoyChel@mail.list;+7-563-423-49-65
Мария;King@yandex.ru;8-235-123-15-44
Артём;King@yandex.ru;+7-563-423-49-65
Екатерина;RussianPerson@mail.ru;+7-659-149-00-02
Мария;KrutoyChel@mail.list;8-946-589-23-84
Александр;Princessa@gmail.com;8-523-458-69-36
Анастасия;Princessa@gmail.com;8-523-458-69-36
Кристина;super@gmail.com;+7-563-423-49-65
Екатерина;KrutoyChel@mail.list;8-999-485-67-99
Тимур;super@gmail.com;8-946-589-23-84
Рита;WiNnEr@yandex.ru;+7-654-236-25-95
Екатерина;WiNnEr@yandex.ru;8-523-458-69-36
Михаил;fktrcfylh@ya.com;+7-659-149-00-02
Анастасия;NesuDobro@mail.ru;+7-659-666-42-61
Рита;RussianPerson@mail.ru;8-235-123-15-44
Анастасия;Hbnf@yandex.ru;+7-659-666-42-61
Александр;NesuDobro@mail.ru;+7-659-149-00-02
Екатерина;Lider@gmail.com;8-523-458-69-36
Екатерина;WiNnEr@yandex.ru;+7-659-666-42-61
Кристина;KrutoyChel@mail.list;+7-654-236-25-95
Павел;NesuDobro@mail.ru;8-946-589-23-84
Михаил;Hbnf@yandex.ru;+7-659-666-42-61
Артём;super@gmail.com;8-946-589-23-84
Михаил;RussianPerson@mail.ru;8-235-123-15-44
Артём;King@yandex.ru;+7-659-666-42-61
Павел;Lider@gmail.com;8-012-230-56-87
Александр;NesuDobro@mail.ru;+7-659-149-00-02
Артём;King@yandex.ru;+7-654-236-25-95
Екатерина;fktrcfylh@ya.com;8-012-230-56-87
Мария;NesuDobro@mail.ru;8-999-485-67-99
Мария;WiNnEr@yandex.ru;8-012-230-56-87
Мария;Lider@gmail.com;8-012-230-56-87
Михаил;KrutoyChel@mail.list;+7-654-236-25-95
Павел;Lider@gmail.com;+7-659-666-42-61
Александр;King@yandex.ru;8-012-230-56-87
Артём;super@gmail.com;8-235-123-15-44
Михаил;Hbnf@yandex.ru;8-946-589-23-84
Мария;King@yandex.ru;8-589-475-25-25
Анастасия;fktrcfylh@ya.com;8-523-458-69-36
Михаил;Princessa@gmail.com;8-999-485-67-99
Кристина;Hbnf@yandex.ru;+7-659-666-42-61
Артём;RussianPerson@mail.ru;8-589-475-25-25
Екатерина;Hbnf@yandex.ru;8-999-485-67-99
Мария;fktrcfylh@ya.com;8-235-123-15-44
Артём;Princessa@gmail.com;8-523-458-69-36
Екатерина;WiNnEr@yandex.ru;+7-563-423-49-65
Рита;NesuDobro@mail.ru;+7-654-236-25-95
Павел;Lider@gmail.com;+7-659-149-00-02
Павел;Hbnf@yandex.ru;8-999-485-67-99
Артём;super@gmail.com;+7-659-666-42-61
Артём;RussianPerson@mail.ru;8-946-589-23-84
Мария;Princessa@gmail.com;+7-563-423-49-65
Тимур;Princessa@gmail.com;8-999-485-67-99
Артём;King@yandex.ru;+7-654-236-25-95
Павел;WiNnEr@yandex.ru;8-012-230-56-87
Михаил;KrutoyChel@mail.list;+7-563-423-49-65
Александр;Lider@gmail.com;8-999-485-67-99
Павел;NesuDobro@mail.ru;8-946-589-23-84
Артём;super@gmail.com;8-999-485-67-99
Кристина;super@gmail.com;+7-659-149-00-02
Кристина;KrutoyChel@mail.list;8-999-485-67-99
Кристина;Hbnf@yandex.ru;8-523-458-69-36
Павел;KrutoyChel@mail.list;+7-659-666-42-61
Екатерина;fktrcfylh@ya.com;8-589-475-25-25
Михаил;WiNnEr@yandex.ru;8-999-485-67-99
Александр;Lider@gmail.com;8-999-485-67-99
Павел;RussianPerson@mail.ru;8-589-475-25-25
Рита;fktrcfylh@ya.com;8-523-458-69-36
Михаил;Princessa@gmail.com;8-523-458-69-36
Мария;King@yandex.ru;+7-659-149-00-02
Екатерина;RussianPerson@mail.ru;+7-563-423-49-65
Екатерина;KrutoyChel@mail.list;8-523-458-69-36
Анастасия;fktrcfylh@ya.com;8-523-458-69-36
Рита;WiNnEr@yandex.ru;8-012-230-56-87
Мария;King@yandex.ru;8-589-475-25-25
Александр;fktrcfylh@ya.com;8-523-458-69-36
Кристина;King@yandex.ru;8-012-230-56-87
Анастасия;Hbnf@yandex.ru;8-523-458-69-36
Рита;WiNnEr@yandex.ru;8-235-123-15-44
Мария;NesuDobro@mail.ru;8-235-123-15-44
Анастасия;fktrcfylh@ya.com;8-946-589-23-84
Тимур;Princessa@gmail.com;8-523-458-69-36
Мария;KrutoyChel@mail.list;+7-563-423-49-65
Кристина;WiNnEr@yandex.ru;+7-654-236-25-95
Тимур;WiNnEr@yandex.ru;8-999-485-67-99
Мария;fktrcfylh@ya.com;8-012-230-56-87
Тимур;WiNnEr@yandex.ru;8-589-475-25-25
Александр;King@yandex.ru;+7-654-236-25-95
Александр;Lider@gmail.com;8-012-230-56-87
Кристина;Princessa@gmail.com;+7-659-149-00-02
Артём;Lider@gmail.com;8-946-589-23-84
Александр;King@yandex.ru;+7-659-149-00-02
Екатерина;super@gmail.com;8-589-475-25-25
Тимур;fktrcfylh@ya.com;+7-659-666-42-61
Михаил;NesuDobro@mail.ru;+7-659-149-00-02
Михаил;Hbnf@yandex.ru;8-589-475-25-25
Анастасия;Hbnf@yandex.ru;+7-563-423-49-65
Анастасия;fktrcfylh@ya.com;8-235-123-15-44
Михаил;Princessa@gmail.com;8-589-475-25-25
Тимур;super@gmail.com;8-999-485-67-99
Александр;Princessa@gmail.com;8-523-458-69-36
Анастасия;super@gmail.com;+7-659-149-00-02
Рита;Hbnf@yandex.ru;+7-563-423-49-65
Мария;fktrcfylh@ya.com;+7-654-236-25-95
Михаил;King@yandex.ru;8-946-589-23-84
Александр;NesuDobro@mail.ru;+7-654-236-25-95
Екатерина;Lider@gmail.com;+7-659-149-00-02
Екатерина;KrutoyChel@mail.list;8-589-475-25-25
Екатерина;NesuDobro@mail.ru;+7-654-236-25-95
Павел;King@yandex.ru;+7-563-423-49-65
Артём;KrutoyChel@mail.list;+7-659-666-42-61
Кристина;Hbnf@yandex.ru;+7-563-423-49-65
Павел;WiNnEr@yandex.ru;+7-659-666-42-61
Екатерина;RussianPerson@mail.ru;8-589-475-25-25
Анастасия;RussianPerson@mail.ru;+7-654-236-25-95
Анастасия;KrutoyChel@mail.list;+7-659-666-42-61
Кристина;super@gmail.com;+7-659-149-00-02
Анастасия;KrutoyChel@mail.list;+7-654-236-25-95
Михаил;NesuDobro@mail.ru;8-999-485-67-99
Мария;Hbnf@yandex.ru;+7-654-236-25-95
Артём;NesuDobro@mail.ru;8-946-589-23-84
Анастасия;super@gmail.com;8-946-589-23-84
Михаил;King@yandex.ru;8-946-589-23-84
Анастасия;Lider@gmail.com;8-012-230-56-87
Кристина;Hbnf@yandex.ru;8-235-123-15-44
Кристина;NesuDobro@mail.ru;8-235-123-15-44
Михаил;RussianPerson@mail.ru;8-235-123-15-44
Михаил;fktrcfylh@ya.com;8-946-589-23-84
Павел;Princessa@gmail.com;+7-659-149-00-02
Михаил;King@yandex.ru;+7-654-236-25-95
Кристина;King@yandex.ru;+7-659-666-42-61
Михаил;King@yandex.ru;8-946-589-23-84
Михаил;NesuDobro@mail.ru;8-589-475-25-25
Мария;Hbnf@yandex.ru;8-946-589-23-84
Анастасия;Princessa@gmail.com;+7-654-236-25-95
Мария;King@yandex.ru;+7-563-423-49-65
Артём;King@yandex.ru;8-946-589-23-84
Кристина;Lider@gmail.com;+7-659-149-00-02
Александр;Hbnf@yandex.ru;+7-659-149-00-02
Кристина;RussianPerson@mail.ru;8-012-230-56-87
Рита;King@yandex.ru;+7-654-236-25-95
Анастасия;Hbnf@yandex.ru;8-523-458-69-36
Екатерина;KrutoyChel@mail.list;8-235-123-15-44
Артём;fktrcfylh@ya.com;+7-659-149-00-02
Павел;fktrcfylh@ya.com;+7-659-666-42-61
Екатерина;super@gmail.com;+7-659-149-00-02
Михаил;Lider@gmail.com;8-999-485-67-99
Тимур;Lider@gmail.com;+7-563-423-49-65
Екатерина;King@yandex.ru;+7-659-149-00-02
Анастасия;NesuDobro@mail.ru;+7-659-149-00-02
Рита;Princessa@gmail.com;+7-659-149-00-02
Рита;KrutoyChel@mail.list;8-523-458-69-36
Артём;fktrcfylh@ya.com;+7-659-666-42-61
Артём;NesuDobro@mail.ru;8-523-458-69-36
Екатерина;Princessa@gmail.com;8-012-230-56-87
Анастасия;Princessa@gmail.com;+7-659-666-42-61
Михаил;Princessa@gmail.com;8-235-123-15-44
Тимур;Princessa@gmail.com;8-999-485-67-99
Мария;KrutoyChel@mail.list;+7-659-666-42-61
Павел;Lider@gmail.com;+7-659-666-42-61
Екатерина;WiNnEr@yandex.ru;8-946-589-23-84
Павел;RussianPerson@mail.ru;+7-659-149-00-02
Павел;fktrcfylh@ya.com;+7-659-666-42-61
Мария;fktrcfylh@ya.com;8-589-475-25-25
Михаил;fktrcfylh@ya.com;8-012-230-56-87
Тимур;Princessa@gmail.com;8-523-458-69-36
Тимур;WiNnEr@yandex.ru;+7-563-423-49-65
Александр;NesuDobro@mail.ru;8-589-475-25-25
Екатерина;WiNnEr@yandex.ru;8-523-458-69-36
Павел;NesuDobro@mail.ru;8-012-230-56-87
Мария;Princessa@gmail.com;+7-654-236-25-95
Мария;NesuDobro@mail.ru;8-589-475-25-25
Екатерина;NesuDobro@mail.ru;8-523-458-69-36
Тимур;Princessa@gmail.com;+7-654-236-25-95
Рита;Lider@gmail.com;+7-563-423-49-65
Екатерина;fktrcfylh@ya.com;+7-659-149-00-02
Тимур;NesuDobro@mail.ru;8-235-123-15-44
Павел;Lider@gmail.com;8-589-475-25-25
Михаил;King@yandex.ru;8-523-458-69-36
Михаил;Princessa@gmail.com;+7-654-236-25-95
Артём;Hbnf@yandex.ru;+7-654-236-25-95
Михаил;WiNnEr@yandex.ru;8-235-123-15-44
Александр;NesuDobro@mail.ru;+7-659-666-42-61
Тимур;Lider@gmail.com;+7-654-236-25-95
Екатерина;Princessa@gmail.com;+7-659-149-00-02
Мария;King@yandex.ru;8-012-230-56-87
Кристина;fktrcfylh@ya.com;8-523-458-69-36
Екатерина;Hbnf@yandex.ru;8-946-589-23-84
Рита;Hbnf@yandex.ru;8-999-485-67-99
Александр;NesuDobro@mail.ru;8-589-475-25-25
Михаил;NesuDobro@mail.ru;8-012-230-56-87
Кристина;Lider@gmail.com;+7-654-236-25-95
Артём;WiNnEr@yandex.ru;8-999-485-67-99
Екатерина;NesuDobro@mail.ru;+7-563-423-49-65
Александр;Lider@gmail.com;8-012-230-56-87
Екатерина;King@yandex.ru;8-012-230-56-87
Кристина;Princessa@gmail.com;8-999-485-67-99
Павел;KrutoyChel@mail.list;+7-654-236-25-95
Михаил;KrutoyChel@mail.list;+7-659-149-00-02
Мария;KrutoyChel@mail.list;8-999-485-67-99
Мария;WiNnEr@yandex.ru;8-589-475-25-25
Екатерина;WiNnEr@yandex.ru;8-235-123-15-44
Анастасия;NesuDobro@mail.ru;+7-659-666-42-61
Артём;KrutoyChel@mail.list;8-523-458-69-36
Артём;fktrcfylh@ya.com;8-999-485-67-99
Кристина;Hbnf@yandex.ru;8-012-230-56-87
Тимур;Lider@gmail.com;+7-563-423-49-65
Мария;WiNnEr@yandex.ru;8-589-475-25-25
Михаил;NesuDobro@mail.ru;+7-654-236-25-95
Тимур;super@gmail.com;8-946-589-23-84
Павел;RussianPerson@mail.ru;+7-654-236-25-95
Артём;Hbnf@yandex.ru;8-012-230-56-87
Мария;fktrcfylh@ya.com;+7-659-666-42-61
Александр;super@gmail.com;+7-659-666-42-61
Рита;super@gmail.com;8-999-485-67-99
Михаил;Lider@gmail.com;8-946-589-23-84
Анастасия;Hbnf@yandex.ru;+7-659-666-42-61
Екатерина;Lider@gmail.com;+7-654-236-25-95
Павел;super@gmail.com;+7-659-149-00-02
Александр;Hbnf@yandex.ru;+7-654-236-25-95
Александр;KrutoyChel@mail.list;+7-659-149-00-02
Тимур;NesuDobro@mail.ru;8-235-123-15-44
Александр;WiNnEr@yandex.ru;+7-659-149-00-02
Артём;Princessa@gmail.com;+7-659-149-00-02
Тимур;Hbnf@yandex.ru;+7-563-423-49-65
Екатерина;KrutoyChel@mail.list;8-235-123-15-44
Анастасия;Hbnf@yandex.ru;8-012-230-56-87
Михаил;King@yandex.ru;+7-659-666-42-61
Рита;Princessa@gmail.com;+7-659-149-00-02
Анастасия;KrutoyChel@mail.list;+7-659-149-00-02
Артём;NesuDobro@mail.ru;8-999-485-67-99
Артём;super@gmail.com;+7-563-423-49-65
Тимур;Hbnf@yandex.ru;+7-659-149-00-02
Анастасия;RussianPerson@mail.ru;8-523-458-69-36
Тимур;RussianPerson@mail.ru;8-012-230-56-87
Мария;Hbnf@yandex.ru;+7-654-236-25-95
Рита;Lider@gmail.com;8-999-485-67-99
Михаил;NesuDobro@mail.ru;+7-659-149-00-02
Александр;WiNnEr@yandex.ru;8-946-589-23-84
Екатерина;Lider@gmail.com;8-012-230-56-87
Артём;WiNnEr@yandex.ru;+7-654-236-25-95
Павел;fktrcfylh@ya.com;+7-563-423-49-65
Кристина;Hbnf@yandex.ru;8-235-123-15-44
Мария;King@yandex.ru;8-999-485-67-99
Анастасия;RussianPerson@mail.ru;+7-659-666-42-61
Рита;super@gmail.com;8-946-589-23-84
Тимур;Hbnf@yandex.ru;8-999-485-67-99
Артём;NesuDobro@mail.ru;8-235-123-15-44
Рита;WiNnEr@yandex.ru;8-999-485-67-99
Тимур;Hbnf@yandex.ru;+7-654-236-25-95
Михаил;super@gmail.com;8-012-230-56-87
Павел;super@gmail.com;8-012-230-56-87
Екатерина;fktrcfylh@ya.com;8-946-589-23-84
Кристина;Princessa@gmail.com;8-235-123-15-44
Екатерина;Princessa@gmail.com;+7-659-666-42-61
Анастасия;Princessa@gmail.com;+7-654-236-25-95
Анастасия;super@gmail.com;+7-654-236-25-95
Рита;KrutoyChel@mail.list;+7-659-666-42-61
Артём;RussianPerson@mail.ru;8-012-230-56-87
Кристина;Hbnf@yandex.ru;+7-659-149-00-02
Артём;Hbnf@yandex.ru;8-589-475-25-25
Александр;Hbnf@yandex.ru;8-235-123-15-44
Мария;Hbnf@yandex.ru;8-523-458-69-36
Анастасия;NesuDobro@mail.ru;8-589-475-25-25
Павел;King@yandex.ru;+7-654-236-25-95
Михаил;Princessa@gmail.com;8-012-230-56-87
Екатерина;KrutoyChel@mail.list;+7-659-666-42-61
Михаил;Hbnf@yandex.ru;+7-654-236-25-95
Екатерина;KrutoyChel@mail.list;+7-659-149-00-02
Артём;fktrcfylh@ya.com;8-589-475-25-25
Кристина;WiNnEr@yandex.ru;+7-563-423-49-65
Екатерина;NesuDobro@mail.ru;+7-563-423-49-65
Артём;super@gmail.com;8-946-589-23-84
Артём;KrutoyChel@mail.list;+7-654-236-25-95
Тимур;Lider@gmail.com;8-589-475-25-25
Кристина;NesuDobro@mail.ru;8-235-123-15-44
Александр;Princessa@gmail.com;8-946-589-23-84
Екатерина;NesuDobro@mail.ru;+7-659-666-42-61
Павел;NesuDobro@mail.ru;8-999-485-67-99
Анастасия;fktrcfylh@ya.com;+7-659-666-42-61
Павел;fktrcfylh@ya.com;8-523-458-69-36
Анастасия;RussianPerson@mail.ru;8-012-230-56-87
Артём;WiNnEr@yandex.ru;8-523-458-69-36
Анастасия;fktrcfylh@ya.com;+7-659-666-42-61
Анастасия;RussianPerson@mail.ru;+7-659-149-00-02
Александр;King@yandex.ru;8-946-589-23-84
Александр;KrutoyChel@mail.list;8-235-123-15-44
Александр;Princessa@gmail.com;8-946-589-23-84
Михаил;NesuDobro@mail.ru;8-235-123-15-44
Екатерина;RussianPerson@mail.ru;8-012-230-56-87
Александр;King@yandex.ru;8-589-475-25-25
Павел;Hbnf@yandex.ru;+7-654-236-25-95
Кристина;King@yandex.ru;+7-654-236-25-95
Артём;Hbnf@yandex.ru;8-012-230-56-87
Михаил;fktrcfylh@ya.com;+7-659-149-00-02
Александр;fktrcfylh@ya.com;8-012-230-56-87
Тимур;Lider@gmail.com;+7-563-423-49-65
Михаил;Lider@gmail.com;+7-563-423-49-65
Мария;super@gmail.com;8-589-475-25-25
Анастасия;fktrcfylh@ya.com;8-999-485-67-99
Тимур;Hbnf@yandex.ru;8-012-230-56-87
Анастасия;Hbnf@yandex.ru;+7-659-666-42-61
Михаил;fktrcfylh@ya.com;8-999-485-67-99
Анастасия;King@yandex.ru;8-523-458-69-36
Тимур;KrutoyChel@mail.list;+7-659-666-42-61
Анастасия;Hbnf@yandex.ru;+7-654-236-25-95
Артём;Hbnf@yandex.ru;8-235-123-15-44
Александр;KrutoyChel@mail.list;+7-563-423-49-65
Михаил;King@yandex.ru;8-946-589-23-84
Кристина;KrutoyChel@mail.list;8-946-589-23-84
Мария;WiNnEr@yandex.ru;8-235-123-15-44
Тимур;King@yandex.ru;+7-659-149-00-02
Екатерина;WiNnEr@yandex.ru;+7-654-236-25-95
Артём;Lider@gmail.com;+7-654-236-25-95
Артём;NesuDobro@mail.ru;8-999-485-67-99
Тимур;super@gmail.com;+7-659-666-42-61
Тимур;King@yandex.ru;8-235-123-15-44
Мария;NesuDobro@mail.ru;+7-659-666-42-61
Павел;KrutoyChel@mail.list;8-235-123-15-44
Михаил;Lider@gmail.com;8-589-475-25-25
Александр;fktrcfylh@ya.com;8-235-123-15-44
Павел;King@yandex.ru;+7-659-666-42-61
Анастасия;Hbnf@yandex.ru;+7-563-423-49-65
Михаил;fktrcfylh@ya.com;8-012-230-56-87
Михаил;Princessa@gmail.com;8-999-485-67-99
Артём;RussianPerson@mail.ru;+7-659-666-42-61
Александр;Princessa@gmail.com;8-999-485-67-99
Михаил;King@yandex.ru;8-999-485-67-99
Артём;Lider@gmail.com;8-946-589-23-84
Мария;King@yandex.ru;8-012-230-56-87
Павел;NesuDobro@mail.ru;8-235-123-15-44
Михаил;super@gmail.com;8-946-589-23-84
Артём;KrutoyChel@mail.list;8-235-123-15-44
Кристина;Princessa@gmail.com;8-999-485-67-99
Рита;WiNnEr@yandex.ru;8-999-485-67-99
Михаил;Princessa@gmail.com;+7-659-149-00-02
Артём;WiNnEr@yandex.ru;8-235-123-15-44
Александр;NesuDobro@mail.ru;8-999-485-67-99
Екатерина;NesuDobro@mail.ru;8-999-485-67-99
Рита;fktrcfylh@ya.com;8-235-123-15-44
Павел;King@yandex.ru;8-235-123-15-44
Кристина;Lider@gmail.com;8-235-123-15-44
Екатерина;King@yandex.ru;+7-654-236-25-95
Александр;RussianPerson@mail.ru;+7-654-236-25-95
Мария;King@yandex.ru;+7-659-149-00-02
Артём;WiNnEr@yandex.ru;+7-654-236-25-95
Мария;Princessa@gmail.com;8-589-475-25-25
Павел;WiNnEr@yandex.ru;+7-659-149-00-02
Артём;fktrcfylh@ya.com;8-012-230-56-87
Артём;King@yandex.ru;8-946-589-23-84
Кристина;Princessa@gmail.com;8-235-123-15-44
Екатерина;KrutoyChel@mail.list;8-235-123-15-44
Анастасия;King@yandex.ru;+7-659-666-42-61
Александр;NesuDobro@mail.ru;8-999-485-67-99
Тимур;NesuDobro@mail.ru;8-589-475-25-25
Анастасия;Lider@gmail.com;+7-659-149-00-02
Екатерина;WiNnEr@yandex.ru;+7-563-423-49-65
Анастасия;Hbnf@yandex.ru;+7-654-236-25-95
Рита;Hbnf@yandex.ru;8-999-485-67-99
Александр;RussianPerson@mail.ru;+7-654-236-25-95
Мария;King@yandex.ru;8-589-475-25-25
Анастасия;WiNnEr@yandex.ru;+7-659-666-42-61
Александр;RussianPerson@mail.ru;8-946-589-23-84
Кристина;KrutoyChel@mail.list;8-589-475-25-25
Анастасия;super@gmail.com;8-589-475-25-25
Мария;fktrcfylh@ya.com;8-589-475-25-25
Анастасия;RussianPerson@mail.ru;8-235-123-15-44
Михаил;fktrcfylh@ya.com;+7-654-236-25-95
Рита;NesuDobro@mail.ru;8-523-458-69-36
Анастасия;King@yandex.ru;8-946-589-23-84
Мария;Princessa@gmail.com;8-999-485-67-99
Александр;NesuDobro@mail.ru;8-589-475-25-25
Кристина;super@gmail.com;8-589-475-25-25
Екатерина;King@yandex.ru;+7-563-423-49-65
Анастасия;Hbnf@yandex.ru;8-999-485-67-99
Екатерина;Lider@gmail.com;8-946-589-23-84
Тимур;Hbnf@yandex.ru;8-946-589-23-84
Кристина;Hbnf@yandex.ru;+7-563-423-49-65
Анастасия;Hbnf@yandex.ru;+7-563-423-49-65
Тимур;King@yandex.ru;8-999-485-67-99
Тимур;WiNnEr@yandex.ru;+7-654-236-25-95
Анастасия;Lider@gmail.com;8-523-458-69-36
Павел;Princessa@gmail.com;8-235-123-15-44
Мария;KrutoyChel@mail.list;8-946-589-23-84
Тимур;WiNnEr@yandex.ru;+7-563-423-49-65
Рита;NesuDobro@mail.ru;+7-659-149-00-02
Тимур;King@yandex.ru;8-012-230-56-87
Тимур;KrutoyChel@mail.list;+7-659-666-42-61
Павел;Lider@gmail.com;+7-659-149-00-02
Екатерина;KrutoyChel@mail.list;8-946-589-23-84
Михаил;super@gmail.com;+7-659-149-00-02
Александр;WiNnEr@yandex.ru;+7-654-236-25-95
Тимур;Lider@gmail.com;8-235-123-15-44
Анастасия;KrutoyChel@mail.list;8-946-589-23-84
Рита;NesuDobro@mail.ru;8-999-485-67-99
Александр;Lider@gmail.com;8-999-485-67-99
Анастасия;Lider@gmail.com;+7-659-149-00-02
Кристина;Hbnf@yandex.ru;8-523-458-69-36
Михаил;NesuDobro@mail.ru;+7-654-236-25-95
Рита;Hbnf@yandex.ru;+7-654-236-25-95
Мария;super@gmail.com;+7-659-666-42-61
Рита;King@yandex.ru;8-012-230-56-87
Михаил;Princessa@gmail.com;+7-659-666-42-61
Артём;KrutoyChel@mail.list;8-012-230-56-87
Мария;RussianPerson@mail.ru;+7-659-149-00-02
Михаил;super@gmail.com;8-523-458-69-36
Александр;fktrcfylh@ya.com;8-523-458-69-36
Александр;Princessa@gmail.com;8-012-230-56-87
Мария;WiNnEr@yandex.ru;+7-563-423-49-65
Рита;WiNnEr@yandex.ru;+7-659-149-00-02
Кристина;NesuDobro@mail.ru;+7-563-423-49-65
Екатерина;Princessa@gmail.com;8-999-485-67-99
Анастасия;Hbnf@yandex.ru;8-012-230-56-87
Михаил;Lider@gmail.com;8-235-123-15-44
Павел;WiNnEr@yandex.ru;+7-659-666-42-61
Тимур;super@gmail.com;+7-659-149-00-02
Тимур;fktrcfylh@ya.com;8-999-485-67-99
Рита;fktrcfylh@ya.com;8-999-485-67-99
Артём;NesuDobro@mail.ru;+7-659-149-00-02
Анастасия;WiNnEr@yandex.ru;8-946-589-23-84
Павел;RussianPerson@mail.ru;+7-659-666-42-61
Мария;KrutoyChel@mail.list;8-012-230-56-87
Мария;Lider@gmail.com;8-999-485-67-99
Рита;Princessa@gmail.com;+7-659-666-42-61
Тимур;fktrcfylh@ya.com;+7-659-149-00-02
Михаил;NesuDobro@mail.ru;+7-659-666-42-61
Артём;Hbnf@yandex.ru;8-012-230-56-87
Кристина;Princessa@gmail.com;+7-659-149-00-02
Мария;King@yandex.ru;8-999-485-67-99
Екатерина;King@yandex.ru;8-946-589-23-84
Мария;Princessa@gmail.com;8-589-475-25-25
Тимур;fktrcfylh@ya.com;+7-563-423-49-65
Екатерина;WiNnEr@yandex.ru;8-012-230-56-87
Рита;Princessa@gmail.com;8-946-589-23-84
Артём;super@gmail.com;8-589-475-25-25
Анастасия;NesuDobro@mail.ru;8-589-475-25-25
Рита;Hbnf@yandex.ru;8-235-123-15-44
Павел;WiNnEr@yandex.ru;8-946-589-23-84
Михаил;Hbnf@yandex.ru;8-235-123-15-44
Мария;Hbnf@yandex.ru;8-589-475-25-25
Павел;RussianPerson@mail.ru;+7-654-236-25-95
Михаил;fktrcfylh@ya.com;+7-563-423-49-65
Анастасия;Lider@gmail.com;8-523-458-69-36
Екатерина;King@yandex.ru;8-589-475-25-25
Александр;Hbnf@yandex.ru;8-999-485-67-99
Тимур;RussianPerson@mail.ru;+7-563-423-49-65
Мария;super@gmail.com;8-523-458-69-36
Кристина;Lider@gmail.com;+7-654-236-25-95
Анастасия;RussianPerson@mail.ru;+7-563-423-49-65
Михаил;KrutoyChel@mail.list;+7-563-423-49-65
Екатерина;King@yandex.ru;+7-563-423-49-65
Павел;Princessa@gmail.com;8-235-123-15-44
Екатерина;King@yandex.ru;+7-659-666-42-61
Александр;King@yandex.ru;+7-654-236-25-95
Кристина;King@yandex.ru;8-523-458-69-36
Рита;NesuDobro@mail.ru;+7-563-423-49-65
Рита;NesuDobro@mail.ru;+7-659-149-00-02
Рита;Princessa@gmail.com;+7-659-149-00-02
Рита;fktrcfylh@ya.com;8-012-230-56-87
Павел;KrutoyChel@mail.list;8-523-458-69-36
Александр;fktrcfylh@ya.com;+7-654-236-25-95
Мария;Hbnf@yandex.ru;8-946-589-23-84
Михаил;KrutoyChel@mail.list;8-999-485-67-99
Мария;Hbnf@yandex.ru;8-589-475-25-25
Мария;fktrcfylh@ya.com;+7-659-149-00-02
Анастасия;Hbnf@yandex.ru;8-523-458-69-36
Рита;RussianPerson@mail.ru;8-999-485-67-99
Артём;NesuDobro@mail.ru;8-235-123-15-44
Артём;fktrcfylh@ya.com;8-012-230-56-87
Александр;WiNnEr@yandex.ru;+7-654-236-25-95
Анастасия;NesuDobro@mail.ru;8-589-475-25-25
Александр;King@yandex.ru;8-999-485-67-99
Михаил;RussianPerson@mail.ru;+7-659-666-42-61
Мария;Hbnf@yandex.ru;+7-563-423-49-65
Тимур;super@gmail.com;+7-659-666-42-61
Екатерина;King@yandex.ru;+7-654-236-25-95
Екатерина;KrutoyChel@mail.list;+7-659-149-00-02
Александр;KrutoyChel@mail.list;8-235-123-15-44
Кристина;Princessa@gmail.com;+7-563-423-49-65
Кристина;RussianPerson@mail.ru;+7-563-423-49-65
Мария;Hbnf@yandex.ru;+7-654-236-25-95
Тимур;KrutoyChel@mail.list;+7-659-666-42-61
Тимур;King@yandex.ru;8-999-485-67-99
Рита;Lider@gmail.com;+7-659-149-00-02
Тимур;Princessa@gmail.com;8-523-458-69-36
Екатерина;Princessa@gmail.com;+7-654-236-25-95
Артём;Lider@gmail.com;8-999-485-67-99
Анастасия;Princessa@gmail.com;8-999-485-67-99
Александр;KrutoyChel@mail.list;+7-563-423-49-65
Павел;KrutoyChel@mail.list;8-999-485-67-99
Анастасия;Princessa@gmail.com;8-235-123-15-44
Михаил;Lider@gmail.com;+7-659-666-42-61
Михаил;Princessa@gmail.com;8-946-589-23-84
Артём;WiNnEr@yandex.ru;8-999-485-67-99
Мария;Lider@gmail.com;8-946-589-23-84
Рита;NesuDobro@mail.ru;+7-659-666-42-61
Тимур;KrutoyChel@mail.list;8-589-475-25-25
Артём;Lider@gmail.com;8-235-123-15-44
Тимур;King@yandex.ru;8-235-123-15-44
Артём;Princessa@gmail.com;8-235-123-15-44
Анастасия;fktrcfylh@ya.com;8-012-230-56-87
Тимур;King@yandex.ru;+7-563-423-49-65
Рита;RussianPerson@mail.ru;8-012-230-56-87
Рита;NesuDobro@mail.ru;8-589-475-25-25
Павел;KrutoyChel@mail.list;8-235-123-15-44
Артём;Hbnf@yandex.ru;8-589-475-25-25
Тимур;WiNnEr@yandex.ru;8-946-589-23-84
Рита;Princessa@gmail.com;8-012-230-56-87
Артём;Lider@gmail.com;+7-563-423-49-65
Анастасия;Princessa@gmail.com;+7-659-666-42-61
Анастасия;RussianPerson@mail.ru;8-946-589-23-84
Тимур;fktrcfylh@ya.com;+7-654-236-25-95
Павел;fktrcfylh@ya.com;8-523-458-69-36
Артём;KrutoyChel@mail.list;8-523-458-69-36
Павел;super@gmail.com;8-523-458-69-36
Артём;KrutoyChel@mail.list;8-012-230-56-87
Мария;fktrcfylh@ya.com;+7-563-423-49-65
Артём;Hbnf@yandex.ru;+7-654-236-25-95
Александр;WiNnEr@yandex.ru;8-012-230-56-87
Кристина;RussianPerson@mail.ru;+7-659-666-42-61
Кристина;super@gmail.com;8-946-589-23-84
Мария;RussianPerson@mail.ru;8-235-123-15-44
Анастасия;Princessa@gmail.com;+7-654-236-25-95
Анастасия;RussianPerson@mail.ru;+7-654-236-25-95
Михаил;RussianPerson@mail.ru;8-946-589-23-84
Кристина;King@yandex.ru;8-999-485-67-99
Рита;super@gmail.com;8-235-123-15-44
Кристина;NesuDobro@mail.ru;8-589-475-25-25
Александр;Lider@gmail.com;8-946-589-23-84
Кристина;super@gmail.com;8-589-475-25-25
Павел;fktrcfylh@ya.com;8-999-485-67-99
Рита;Lider@gmail.com;8-012-230-56-87
Артём;KrutoyChel@mail.list;+7-659-149-00-02
Александр;fktrcfylh@ya.com;8-235-123-15-44
Мария;KrutoyChel@mail.list;8-523-458-69-36
Анастасия;WiNnEr@yandex.ru;8-999-485-67-99
Кристина;fktrcfylh@ya.com;+7-654-236-25-95
Михаил;NesuDobro@mail.ru;+7-654-236-25-95
Павел;NesuDobro@mail.ru;+7-654-236-25-95
Рита;WiNnEr@yandex.ru;8-946-589-23-84
Михаил;NesuDobro@mail.ru;+7-563-423-49-65
Михаил;Lider@gmail.com;+7-654-236-25-95
Тимур;fktrcfylh@ya.com;+7-563-423-49-65
Анастасия;KrutoyChel@mail.list;8-999-485-67-99
Мария;Princessa@gmail.com;8-589-475-25-25
Екатерина;Princessa@gmail.com;+7-659-666-42-61
Мария;NesuDobro@mail.ru;8-523-458-69-36
Михаил;RussianPerson@mail.ru;8-589-475-25-25
Кристина;super@gmail.com;8-523-458-69-36
Екатерина;Princessa@gmail.com;8-946-589-23-84
Павел;Lider@gmail.com;8-012-230-56-87
Михаил;NesuDobro@mail.ru;8-999-485-67-99
Тимур;KrutoyChel@mail.list;8-012-230-56-87
Мария;King@yandex.ru;+7-659-149-00-02
Михаил;Hbnf@yandex.ru;8-012-230-56-87
Артём;WiNnEr@yandex.ru;+7-659-666-42-61
Анастасия;NesuDobro@mail.ru;8-235-123-15-44
Екатерина;Princessa@gmail.com;8-523-458-69-36
Екатерина;Lider@gmail.com;+7-659-666-42-61
Рита;WiNnEr@yandex.ru;8-523-458-69-36
Рита;KrutoyChel@mail.list;8-999-485-67-99
Кристина;Princessa@gmail.com;+7-563-423-49-65
Артём;KrutoyChel@mail.list;8-523-458-69-36
Михаил;RussianPerson@mail.ru;8-012-230-56-87
Кристина;King@yandex.ru;+7-659-149-00-02
Анастасия;Princessa@gmail.com;8-523-458-69-36
Мария;King@yandex.ru;8-999-485-67-99
Михаил;WiNnEr@yandex.ru;+7-654-236-25-95
Артём;Hbnf@yandex.ru;+7-654-236-25-95
Павел;King@yandex.ru;+7-654-236-25-95
Кристина;RussianPerson@mail.ru;8-999-485-67-99
Анастасия;NesuDobro@mail.ru;+7-659-666-42-61
Артём;Lider@gmail.com;8-012-230-56-87
Александр;Princessa@gmail.com;+7-659-666-42-61
Екатерина;NesuDobro@mail.ru;8-012-230-56-87
Екатерина;Hbnf@yandex.ru;8-012-230-56-87
Рита;Lider@gmail.com;8-999-485-67-99
Кристина;Lider@gmail.com;+7-659-666-42-61
Кристина;super@gmail.com;8-589-475-25-25
Михаил;Princessa@gmail.com;8-589-475-25-25
Рита;WiNnEr@yandex.ru;8-523-458-69-36
Анастасия;King@yandex.ru;+7-659-149-00-02
Михаил;Princessa@gmail.com;8-999-485-67-99
Павел;KrutoyChel@mail.list;+7-659-149-00-02
Анастасия;RussianPerson@mail.ru;+7-563-423-49-65
Мария;super@gmail.com;8-523-458-69-36
Рита;Hbnf@yandex.ru;+7-659-666-42-61
Александр;King@yandex.ru;+7-654-236-25-95
Мария;RussianPerson@mail.ru;8-235-123-15-44
Михаил;super@gmail.com;8-946-589-23-84
Рита;WiNnEr@yandex.ru;+7-659-149-00-02
Артём;Lider@gmail.com;8-999-485-67-99
Тимур;NesuDobro@mail.ru;8-523-458-69-36
Кристина;Princessa@gmail.com;+7-563-423-49-65
Александр;Hbnf@yandex.ru;8-999-485-67-99
Анастасия;Lider@gmail.com;8-523-458-69-36
Мария;RussianPerson@mail.ru;8-999-485-67-99
Анастасия;RussianPerson@mail.ru;+7-563-423-49-65
Кристина;KrutoyChel@mail.list;+7-659-149-00-02
Кристина;Hbnf@yandex.ru;+7-563-423-49-65
Артём;Hbnf@yandex.ru;8-946-589-23-84
Рита;Hbnf@yandex.ru;8-012-230-56-87
Артём;Lider@gmail.com;+7-659-149-00-02
Кристина;NesuDobro@mail.ru;8-946-589-23-84
Александр;Hbnf@yandex.ru;8-999-485-67-99
Рита;NesuDobro@mail.ru;8-589-475-25-25
Михаил;King@yandex.ru;8-999-485-67-99
Тимур;Princessa@gmail.com;+7-659-666-42-61
Тимур;KrutoyChel@mail.list;8-235-123-15-44
Михаил;King@yandex.ru;8-012-230-56-87
Мария;super@gmail.com;8-235-123-15-44
Екатерина;Hbnf@yandex.ru;8-999-485-67-99
Мария;KrutoyChel@mail.list;+7-654-236-25-95
Рита;Lider@gmail.com;+7-563-423-49-65
Павел;KrutoyChel@mail.list;8-012-230-56-87
Мария;Hbnf@yandex.ru;8-523-458-69-36
Александр;RussianPerson@mail.ru;+7-654-236-25-95
Кристина;RussianPerson@mail.ru;+7-659-666-42-61
Тимур;super@gmail.com;8-999-485-67-99
Александр;WiNnEr@yandex.ru;+7-654-236-25-95
Кристина;KrutoyChel@mail.list;+7-654-236-25-95
Артём;King@yandex.ru;8-523-458-69-36
Анастасия;KrutoyChel@mail.list;+7-563-423-49-65
Павел;KrutoyChel@mail.list;8-523-458-69-36
Александр;Lider@gmail.com;+7-654-236-25-95
Михаил;WiNnEr@yandex.ru;+7-659-666-42-61
Павел;KrutoyChel@mail.list;8-946-589-23-84
Мария;KrutoyChel@mail.list;+7-659-149-00-02
Мария;fktrcfylh@ya.com;+7-659-666-42-61
Мария;fktrcfylh@ya.com;+7-654-236-25-95
Кристина;Lider@gmail.com;8-589-475-25-25
Александр;fktrcfylh@ya.com;8-589-475-25-25
Екатерина;KrutoyChel@mail.list;8-999-485-67-99
Екатерина;Princessa@gmail.com;+7-563-423-49-65
Михаил;Princessa@gmail.com;8-523-458-69-36
Александр;fktrcfylh@ya.com;8-946-589-23-84
Михаил;NesuDobro@mail.ru;+7-563-423-49-65
Павел;Hbnf@yandex.ru;8-589-475-25-25
Рита;Hbnf@yandex.ru;8-999-485-67-99
Екатерина;fktrcfylh@ya.com;+7-654-236-25-95
Екатерина;Lider@gmail.com;8-523-458-69-36
Михаил;KrutoyChel@mail.list;+7-659-149-00-02
Рита;Hbnf@yandex.ru;+7-659-666-42-61
Александр;Princessa@gmail.com;+7-659-666-42-61
Александр;WiNnEr@yandex.ru;8-012-230-56-87
Тимур;RussianPerson@mail.ru;+7-563-423-49-65
Тимур;KrutoyChel@mail.list;+7-659-666-42-61
Артём;KrutoyChel@mail.list;+7-659-666-42-61
Анастасия;super@gmail.com;8-235-123-15-44
Рита;WiNnEr@yandex.ru;+7-659-149-00-02
Артём;Hbnf@yandex.ru;8-523-458-69-36
Михаил;Hbnf@yandex.ru;+7-659-666-42-61
Артём;Hbnf@yandex.ru;+7-659-666-42-61
Мария;NesuDobro@mail.ru;8-523-458-69-36
Мария;NesuDobro@mail.ru;+7-563-423-49-65
Мария;super@gmail.com;+7-659-149-00-02
Тимур;KrutoyChel@mail.list;8-012-230-56-87
Кристина;KrutoyChel@mail.list;+7-659-666-42-61
Мария;super@gmail.com;8-999-485-67-99
Анастасия;WiNnEr@yandex.ru;+7-659-666-42-61
Александр;Princessa@gmail.com;+7-654-236-25-95
Екатерина;WiNnEr@yandex.ru;+7-654-236-25-95
Анастасия;Hbnf@yandex.ru;+7-563-423-49-65
Рита;super@gmail.com;8-235-123-15-44
Михаил;RussianPerson@mail.ru;+7-654-236-25-95
Павел;super@gmail.com;8-589-475-25-25
Артём;Princessa@gmail.com;8-946-589-23-84
Тимур;super@gmail.com;+7-654-236-25-95
Павел;RussianPerson@mail.ru;+7-659-149-00-02
Павел;King@yandex.ru;+7-659-149-00-02
Александр;super@gmail.com;+7-654-236-25-95
Михаил;Princessa@gmail.com;8-235-123-15-44
Александр;King@yandex.ru;8-946-589-23-84
Рита;Lider@gmail.com;8-999-485-67-99
Тимур;KrutoyChel@mail.list;8-999-485-67-99
Анастасия;RussianPerson@mail.ru;8-523-458-69-36
Рита;fktrcfylh@ya.com;+7-563-423-49-65
Анастасия;super@gmail.com;8-012-230-56-87
Михаил;NesuDobro@mail.ru;8-999-485-67-99
Мария;RussianPerson@mail.ru;8-999-485-67-99
Мария;RussianPerson@mail.ru;8-999-485-67-99
Александр;super@gmail.com;8-589-475-25-25
Анастасия;Hbnf@yandex.ru;8-523-458-69-36
Анастасия;Lider@gmail.com;+7-659-149-00-02
Екатерина;WiNnEr@yandex.ru;8-946-589-23-84
Александр;fktrcfylh@ya.com;+7-563-423-49-65
Михаил;RussianPerson@mail.ru;8-999-485-67-99
Мария;Lider@gmail.com;+7-659-666-42-61
Александр;WiNnEr@yandex.ru;+7-659-666-42-61
Анастасия;KrutoyChel@mail.list;8-523-458-69-36
Мария;Princessa@gmail.com;8-589-475-25-25
Екатерина;Lider@gmail.com;+7-563-423-49-65
Артём;Princessa@gmail.com;+7-563-423-49-65
Михаил;Hbnf@yandex.ru;8-523-458-69-36
Рита;KrutoyChel@mail.list;8-012-230-56-87
Михаил;NesuDobro@mail.ru;+7-659-666-42-61
Екатерина;Princessa@gmail.com;8-589-475-25-25
Мария;Hbnf@yandex.ru;8-012-230-56-87
Павел;KrutoyChel@mail.list;+7-563-423-49-65
Александр;King@yandex.ru;8-946-589-23-84
Павел;WiNnEr@yandex.ru;+7-654-236-25-95
Анастасия;WiNnEr@yandex.ru;8-999-485-67-99
Артём;Princessa@gmail.com;8-999-485-67-99
Тимур;King@yandex.ru;8-523-458-69-36
Александр;fktrcfylh@ya.com;+7-659-149-00-02
Екатерина;super@gmail.com;8-523-458-69-36
Михаил;super@gmail.com;+7-659-666-42-61
Рита;super@gmail.com;+7-659-666-42-61
Екатерина;RussianPerson@mail.ru;+7-659-666-42-61
Александр;King@yandex.ru;+7-654-236-25-95
Тимур;Princessa@gmail.com;+7-659-149-00-02
Павел;NesuDobro@mail.ru;+7-659-666-42-61
Павел;RussianPerson@mail.ru;+7-659-666-42-61
Мария;Lider@gmail.com;+7-563-423-49-65
Екатерина;super@gmail.com;+7-563-423-49-65
Павел;NesuDobro@mail.ru;8-012-230-56-87
Михаил;King@yandex.ru;+7-563-423-49-65
Екатерина;RussianPerson@mail.ru;+7-563-423-49-65
Анастасия;King@yandex.ru;8-589-475-25-25
Анастасия;Hbnf@yandex.ru;+7-659-149-00-02
Анастасия;Lider@gmail.com;+7-654-236-25-95
Павел;Lider@gmail.com;+7-659-666-42-61
Кристина;King@yandex.ru;+7-659-666-42-61
Кристина;Princessa@gmail.com;8-523-458-69-36
Александр;WiNnEr@yandex.ru;8-946-589-23-84
Михаил;super@gmail.com;+7-659-149-00-02
Павел;super@gmail.com;+7-659-666-42-61
Анастасия;Lider@gmail.com;+7-563-423-49-65
Мария;NesuDobro@mail.ru;+7-563-423-49-65
Александр;RussianPerson@mail.ru;8-999-485-67-99
Тимур;Princessa@gmail.com;+7-654-236-25-95
Анастасия;WiNnEr@yandex.ru;8-946-589-23-84
Кристина;fktrcfylh@ya.com;8-999-485-67-99
Екатерина;RussianPerson@mail.ru;+7-659-666-42-61
Анастасия;super@gmail.com;8-946-589-23-84
Тимур;KrutoyChel@mail.list;8-999-485-67-99
Павел;super@gmail.com;+7-563-423-49-65
Михаил;RussianPerson@mail.ru;+7-654-236-25-95
Рита;fktrcfylh@ya.com;8-523-458-69-36
Тимур;super@gmail.com;+7-563-423-49-65
Михаил;KrutoyChel@mail.list;8-589-475-25-25
Александр;WiNnEr@yandex.ru;8-012-230-56-87
Артём;KrutoyChel@mail.list;8-999-485-67-99
Мария;RussianPerson@mail.ru;8-523-458-69-36
Анастасия;Princessa@gmail.com;8-946-589-23-84
Анастасия;NesuDobro@mail.ru;8-999-485-67-99
Анастасия;WiNnEr@yandex.ru;+7-659-666-42-61
Павел;Lider@gmail.com;8-946-589-23-84
Александр;WiNnEr@yandex.ru;+7-659-666-42-61
Кристина;Princessa@gmail.com;8-235-123-15-44
Рита;fktrcfylh@ya.com;8-012-230-56-87
Павел;KrutoyChel@mail.list;+7-659-666-42-61
Кристина;KrutoyChel@mail.list;+7-563-423-49-65
Тимур;NesuDobro@mail.ru;8-012-230-56-87
Тимур;NesuDobro@mail.ru;8-589-475-25-25
Александр;Princessa@gmail.com;+7-563-423-49-65
Тимур;RussianPerson@mail.ru;8-012-230-56-87
Екатерина;super@gmail.com;8-012-230-56-87
Александр;Lider@gmail.com;8-589-475-25-25
Мария;Lider@gmail.com;8-999-485-67-99
Павел;WiNnEr@yandex.ru;8-523-458-69-36
Павел;Hbnf@yandex.ru;8-235-123-15-44
Александр;fktrcfylh@ya.com;+7-654-236-25-95
Рита;Princessa@gmail.com;+7-659-666-42-61
Михаил;Hbnf@yandex.ru;8-999-485-67-99
Александр;Hbnf@yandex.ru;8-999-485-67-99
Михаил;NesuDobro@mail.ru;8-523-458-69-36
Михаил;super@gmail.com;8-999-485-67-99
Рита;NesuDobro@mail.ru;8-012-230-56-87
Рита;NesuDobro@mail.ru;8-946-589-23-84
Екатерина;fktrcfylh@ya.com;8-589-475-25-25
Павел;KrutoyChel@mail.list;+7-563-423-49-65
Павел;Lider@gmail.com;8-012-230-56-87
Александр;Hbnf@yandex.ru;8-589-475-25-25
Мария;fktrcfylh@ya.com;8-999-485-67-99
Тимур;KrutoyChel@mail.list;8-946-589-23-84
Михаил;King@yandex.ru;8-589-475-25-25
Артём;super@gmail.com;8-589-475-25-25
Анастасия;super@gmail.com;8-012-230-56-87
Екатерина;WiNnEr@yandex.ru;+7-654-236-25-95
Рита;King@yandex.ru;8-235-123-15-44
Мария;super@gmail.com;+7-659-149-00-02
Анастасия;KrutoyChel@mail.list;8-999-485-67-99
Рита;super@gmail.com;+7-654-236-25-95
Рита;Princessa@gmail.com;+7-654-236-25-95
Мария;Princessa@gmail.com;+7-654-236-25-95
Михаил;super@gmail.com;8-523-458-69-36
Мария;super@gmail.com;+7-654-236-25-95
Кристина;Hbnf@yandex.ru;+7-659-149-00-02
Анастасия;WiNnEr@yandex.ru;8-523-458-69-36
Кристина;WiNnEr@yandex.ru;+7-659-149-00-02
Кристина;fktrcfylh@ya.com;8-012-230-56-87
Артём;fktrcfylh@ya.com;+7-659-666-42-61
Михаил;KrutoyChel@mail.list;+7-654-236-25-95
Екатерина;RussianPerson@mail.ru;8-012-230-56-87
Мария;WiNnEr@yandex.ru;8-999-485-67-99
Анастасия;Princessa@gmail.com;+7-654-236-25-95
Кристина;Hbnf@yandex.ru;8-999-485-67-99
Тимур;KrutoyChel@mail.list;8-235-123-15-44
Мария;fktrcfylh@ya.com;8-589-475-25-25
Тимур;Lider@gmail.com;8-999-485-67-99
Павел;NesuDobro@mail.ru;+7-659-149-00-02
Анастасия;super@gmail.com;+7-659-666-42-61
Михаил;King@yandex.ru;8-999-485-67-99
Артём;Princessa@gmail.com;8-589-475-25-25
Артём;NesuDobro@mail.ru;+7-654-236-25-95
Кристина;RussianPerson@mail.ru;8-523-458-69-36
Мария;RussianPerson@mail.ru;+7-654-236-25-95
Тимур;Hbnf@yandex.ru;+7-654-236-25-95
Артём;fktrcfylh@ya.com;+7-659-149-00-02
Екатерина;KrutoyChel@mail.list;8-999-485-67-99
Рита;Lider@gmail.com;8-946-589-23-84
Михаил;KrutoyChel@mail.list;8-999-485-67-99
Михаил;Princessa@gmail.com;+7-659-666-42-61
Рита;Hbnf@yandex.ru;+7-659-149-00-02
Тимур;Lider@gmail.com;8-999-485-67-99
Рита;Princessa@gmail.com;+7-654-236-25-95
Александр;RussianPerson@mail.ru;8-235-123-15-44
Павел;KrutoyChel@mail.list;8-999-485-67-99
Артём;fktrcfylh@ya.com;+7-659-666-42-61
Екатерина;RussianPerson@mail.ru;8-999-485-67-99
Кристина;King@yandex.ru;+7-563-423-49-65
Тимур;King@yandex.ru;+7-563-423-49-65
Рита;Hbnf@yandex.ru;+7-563-423-49-65
Рита;Princessa@gmail.com;+7-563-423-49-65
Мария;RussianPerson@mail.ru;8-946-589-23-84
Тимур;super@gmail.com;8-999-485-67-99
Кристина;fktrcfylh@ya.com;+7-563-423-49-65
Мария;super@gmail.com;+7-659-666-42-61
Анастасия;Princessa@gmail.com;8-589-475-25-25
Тимур;WiNnEr@yandex.ru;8-999-485-67-99
